"EmployerName","Address","CompanyNumber","SicCodes","DiffMeanHourlyPercent","DiffMedianHourlyPercent","DiffMeanBonusPercent","DiffMedianBonusPercent","MaleBonusPercent","FemaleBonusPercent","MaleLowerQuartile","FemaleLowerQuartile","MaleLowerMiddleQuartile","FemaleLowerMiddleQuartile","MaleUpperMiddleQuartile","FemaleUpperMiddleQuartile","MaleTopQuartile","FemaleTopQuartile","CompanyLinkToGPGInfo","ResponsiblePerson","EmployerSize","CurrentName","SubmittedAfterTheDeadline","DueDate","DateSubmitted"
"A. & B. GLASS COMPANY LIMITED","Addison Road,
Chilton Industrial Estate,
Sudbury,
Suffolk,
United Kingdom,
CO10 2YW","01543721","43342","19.00","4.00","42.00","45.00","70.00","41.00","77.00","23.00","83.00","17.00","76.00","24.00","90.00","10.00","","PHILIP FARNELL (GROUP HR MANAGER)","250 to 499","A. & B. GLASS COMPANY LIMITED","False","05/04/2020 00:00:00","20/05/2019 16:34:42"
"Abbeyfield Wales Society","Pagefield House,
24 Gold Tops,
Newport,
NP20 4PG","","87100,
87300","17.10","28.20","","","0.00","0.00","20.00","80.00","23.20","76.80","1.80","98.20","8.90","91.10","","Ellen Moore (HR Manager)","Less than 250","Abbeyfield Wales Society","False","05/04/2020 00:00:00","16/04/2019 14:07:10"
"ALTODIGITAL MANAGED SERVICES LTD","93 Vantage Point,
Kingswinford,
West Midlands,
England,
DY6 7FR","06380200","74909","24.80","16.00","51.20","35.50","58.80","41.90","38.00","62.00","69.30","30.70","81.20","18.80","81.00","19.00","","Darrell Polden (Group Technical and Operations Director)","250 to 499","ALTODIGITAL MANAGED SERVICES LTD","False","05/04/2020 00:00:00","25/07/2019 12:59:52"
"AMSRIC FOODS LIMITED","21 - 25 Church Street West 21- 25 Church Street West,
Woking,
Surrey,
England,
GU21 6DJ","02770878","56103","25.00","6.00","39.00","20.00","23.00","25.00","60.00","40.00","58.00","42.00","59.00","41.00","68.00","32.00","https://www.amsric.co.uk/","Carly Hughes (Payroll Manager)","1000 to 4999","AMSRIC FOODS LIMITED","False","05/04/2020 00:00:00","28/06/2019 12:12:19"
"AMSRIC LIMITED","21- 25 Church Street West,
Woking,
Surrey,
England,
GU21 6DJ","08576967","56102","23.00","5.00","46.00","-47.00","39.00","47.00","28.00","72.00","28.00","72.00","28.00","72.00","40.00","60.00","https://www.amsric.co.uk/","Carly Hughes (Payroll Manager)","250 to 499","AMSRIC LIMITED","False","05/04/2020 00:00:00","28/06/2019 12:23:34"
"AMVALE MEDICAL TRANSPORT LIMITED","Unit 1 C/D South Park Industrial Estate,
Birkdale Road,
Scunthorpe,
North Lincolnshire,
DN17 2AU","04502825","82990","4.70","3.90","","","0.00","0.00","44.20","55.80","46.20","53.80","47.10","52.90","72.90","27.10","","MICHAEL GODFREY (CEO)","250 to 499","AMVALE MEDICAL TRANSPORT LIMITED","False","05/04/2020 00:00:00","25/06/2019 09:10:24"
"Apollo partnership trust","Apollo Partnership Trust,
C/o Castle Rock High School,
Meadow Lane, Coalville,
LE67 4BR","08114513","1","25.70","46.60","","","0.00","0.00","1.60","98.40","4.80","95.20","39.30","60.70","18.00","82.00","http://www.apollopartnershiptrust.uk/governance/","","Less than 250","Apollo partnership trust","False","31/03/2020 00:00:00","31/07/2019 20:31:45"
"ARDENT HIRE SOLUTIONS LIMITED","Ardent House, 32 Crown Road,
Enfield,
Middlesex,
England,
EN1 1TH","03987596","77320","21.90","4.70","72.50","78.40","57.00","55.00","72.00","28.00","90.00","10.00","87.00","13.00","82.00","18.00","https://www.ardenthire.com/file/pay-gap-report-18-19.pdf","Jeremy Fish (CEO)","250 to 499","ARDENT HIRE SOLUTIONS LIMITED","False","05/04/2020 00:00:00","15/08/2019 11:35:34"
"ARETÉ LEARNING TRUST","Stokesley School, Station Road,
Stokesley,
North Yorkshire,
TS9 5AL","09471240","85200,
85310","16.00","35.70","","","0.00","0.00","18.10","81.90","32.90","67.10","25.00","75.00","45.80","54.20","","Helen Wiseman (Financial Controller)","250 to 499","ARETÉ LEARNING TRUST","False","05/04/2020 00:00:00","19/08/2019 15:36:33"
"Ark Schools","65 Kingsway,
London,
United Kingdom,
WC2B 6TD","05112090","1,
85100,
85200,
85310","13.00","20.00","24.00","50.00","3.00","3.00","19.00","81.00","26.00","74.00","31.00","69.00","34.00","66.00","http://arkonline.org/sites/default/files/Gender_pay_gap_report_2018.pdf","","1000 to 4999","Ark Schools","False","31/03/2020 00:00:00","02/04/2019 12:46:32"
"ARRK EUROPE LIMITED","Caldwell Road,
Nuneaton,
Warwickshire,
United Kingdom,
CV11 4NG","03418673","32990","2.30","11.40","18.70","6.60","52.00","41.00","86.10","13.90","83.60","16.40","89.00","11.00","87.70","12.30","https://www.arrkeurope.com/fileadmin/user_upload/Company/arrk-companys/arrk-europe-limited/ARRK_Europe_Ltd._Gender_Pay_Report_April_2019.pdf","Simon Holmes (Finance Director)","250 to 499","ARRK EUROPE LIMITED","False","05/04/2020 00:00:00","03/06/2019 11:06:09"
"ASSOCIATED WASTE MANAGEMENT LIMITED","St Bernard's Mill Gelderd Road, Gildersome, Morley,
Leeds,
West Yorkshire,
LS27 7NA","04092555","38110,
38210","17.60","14.00","","","0.00","0.00","92.30","7.70","96.90","3.10","80.00","20.00","84.60","15.40","","Colette Bloom (Finance Director)","250 to 499","ASSOCIATED WASTE MANAGEMENT LIMITED","False","05/04/2020 00:00:00","24/05/2019 16:11:13"
"Barrow-in-furness Borough Council","Town Hall,
Duke Street,
Barrow-In-Furness,
Cumbria,
United Kingdom,
LA14 2LD","","1,
84110","14.60","18.10","","","0.00","0.00","24.20","75.80","23.80","76.20","29.00","71.00","55.60","44.40","https://www.barrowbc.gov.uk/about-the-council/finances/transparency/financial-transparency-2019-2020/","","250 to 499","Barrow-in-furness Borough Council","False","31/03/2020 00:00:00","19/06/2019 16:51:14"
"BE MODERN LIMITED","19-34 Bedesway Bede Industrial Estate,
Jarrow,
Tyne And Wear,
United Kingdom,
NE32 3BE","00829005","31090","-0.40","-9.10","59.30","0.00","92.20","94.10","91.90","8.10","94.60","5.40","68.90","31.10","75.70","24.30","","John Harris (Finance Director)","250 to 499","BE MODERN LIMITED","False","05/04/2020 00:00:00","05/07/2019 14:32:13"
"BEAZLEY MANAGEMENT LIMITED","Plantation Place South,
60 Great Tower Street,
London,
United Kingdom,
EC3R 5AD","05016918","65120,
65202","32.10","32.50","72.00","43.80","98.00","99.00","42.00","58.00","49.00","51.00","68.00","32.00","73.00","27.00","https://www.beazley.com/documents/Gender%20Pay%20Gap%20Report%202019.pdf","Pippa Vowles (Head of talent managment)","500 to 999","BEAZLEY MANAGEMENT LIMITED","False","05/04/2020 00:00:00","16/08/2019 13:22:57"
"Bedford Inclusive Learning and Training Trust","Manor Drive,
Kempston,
Bedford,
Bedfordshire,
United Kingdom,
MK42 7AB","08156641","1,
85590","37.90","27.10","","","0.00","0.00","5.40","94.60","4.00","96.00","9.50","90.50","17.60","82.40","http://www.forms.bedford.gov.uk/BILTT/trustboard.aspx","","250 to 499","Bedford Inclusive Learning and Training Trust","False","31/03/2020 00:00:00","05/08/2019 13:22:36"
"BLACK SWAN INTERNATIONAL LIMITED","ASTON SHAW,
The Union Building,
51-59 Rose Lane,
Norwich,
Norfolk,
England,
NR1 1BY","02621410","87300","9.80","4.20","78.60","0.00","7.60","4.10","21.70","78.30","8.60","91.40","22.90","77.10","24.80","75.20","https://www.blackswan.co.uk/equality","Tom Lyons (Managing Director)","500 to 999","BLACK SWAN INTERNATIONAL LIMITED","False","05/04/2020 00:00:00","13/04/2019 15:36:01"
"BLUETREE DESIGN AND PRINT LIMITED","Unit 1 Brookfields Park,
Manvers Way, Manvers,
Rotherham,
S Yorkshire,
S Yorkshire,
S63 5DR","03793442","18129","13.10","8.80","50.90","56.00","18.80","44.20","57.10","42.90","68.20","31.80","71.80","28.20","79.80","20.20","","Adam Carnell (Managing Director)","250 to 499","BLUETREE DESIGN AND PRINT LIMITED","False","05/04/2020 00:00:00","05/06/2019 16:11:49"
"BRANCASTER CARE HOMES LIMITED","Genesis Centre,
Garrett Field Birchwood,
Warrington,
Cheshire,
United Kingdom,
WA3 7BH","05392158","87100","1.90","0.00","","","0.00","2.50","6.60","93.40","18.00","82.00","24.60","75.40","22.90","77.10","","Alister Cook (Managing Director)","250 to 499","BRANCASTER CARE HOMES LIMITED","False","05/04/2020 00:00:00","17/05/2019 14:14:25"
"BREEZEMOUNT SERVICES LTD","29 Edenordinary Road,
Banbridge,
Co. Down,
United Kingdom,
BT32 4HA","NI635503","49410","-16.00","-14.00","22.00","10.00","6.00","21.00","99.00","1.00","93.00","7.00","97.00","3.00","90.00","10.00","","Karen Fisher (HR Director)","250 to 499","BREEZEMOUNT SERVICES LTD","False","05/04/2020 00:00:00","18/07/2019 16:04:42"
"Brentwood Academies Trust","St Martin's School Brentwood Hanging Hill Lane,
Hutton,
Brentwood,
Essex,
United Kingdom,
CM13 2HG","07638800","1,
85310","17.10","19.80","","","0.00","0.00","24.40","75.60","26.40","73.60","37.90","62.10","42.50","57.50","https://www.brentwoodacademiestrust.org/","","250 to 499","Brentwood Academies Trust","False","31/03/2020 00:00:00","08/08/2019 11:34:00"
"Bridgwater & Taunton College","Bath Road,
Bridgwater,
TA6 4PZ","","1,
85310","12.30","27.50","","","0.00","0.00","31.00","69.00","32.00","68.00","49.00","51.00","51.00","49.00","https://www.btc.ac.uk/wp-content/uploads/2019/03/Gender-Pay-Gap-Report-for-Bridgwater-2019.docx","","1000 to 4999","Bridgwater & Taunton College","False","31/03/2020 00:00:00","01/04/2019 17:05:49"
"British Broadcasting Corporation","BBC Broadcasting House,
Portland Place,
London,
London,
United Kingdom,
W1A 1AA","RC000057","1","6.80","6.70","23.10","0.00","8.00","9.10","45.40","54.60","53.60","46.40","58.80","41.20","60.50","39.50","http://downloads.bbc.co.uk/aboutthebbc/reports/reports/gender-pay-gap-2019.pdf","","5000 to 19,999","British Broadcasting Corporation","False","31/03/2020 00:00:00","03/07/2019 07:22:27"
"BRITISH LAND COMPANY PUBLIC LIMITED COMPANY(THE)","York House,
45 Seymour Street,
London,
United Kingdom,
W1H 7LX","00621920","41100,
64209","35.10","34.90","56.90","64.50","81.30","84.20","32.40","67.60","41.20","58.80","52.90","47.10","69.60","30.40","https://www.britishland.com/about-us/governance/gender-pay-gap","Ann Henshaw (HR Director)","250 to 499","BRITISH LAND COMPANY PUBLIC LIMITED COMPANY(THE)","False","05/04/2020 00:00:00","12/06/2019 10:36:26"
"BROADGATE ESTATES LIMITED","York House, 45 Seymour Street,
London,
W1H 7LX","02366959","41100","31.70","37.70","62.50","43.10","92.60","73.70","20.80","79.20","26.50","73.50","71.40","28.60","77.10","22.90","","Ann Henshaw (HR Director)","Less than 250","BROADGATE ESTATES LIMITED","False","05/04/2020 00:00:00","12/06/2019 10:31:48"
"Brookvale Groby Learning Trust","Ratby Road,
Groby,
Leicester,
LE6 0GH","","1","14.90","31.60","","","0.00","0.00","17.00","83.00","22.00","78.00","33.30","66.70","28.80","71.20","","","250 to 499","Brookvale Groby Learning Trust","False","31/03/2020 00:00:00","01/04/2019 15:05:06"
"BROTHERS OF CHARITY SERVICES (SCOTLAND)","Triest House, Bridge Street,
Galashiels,
Selkirkshire,
Scotland,
TD1 1SW","SC318036","86900,
88100","-2.00","-1.00","","","0.00","0.00","34.00","66.00","24.00","76.00","32.00","68.00","25.00","75.00","http://bocscot.org/","Allistair Matheson (Director of Finance and Central Services)","Less than 250","BROTHERS OF CHARITY SERVICES (SCOTLAND)","False","05/04/2020 00:00:00","28/06/2019 11:52:14"
"Brothers of Charity Services in Lancashire","Lisieux Hall,
Dawson Lane,
Whittle-le-Woods,
PR67DX","","87100,
87200,
88990","1.60","2.20","25.10","24.10","5.90","2.60","23.40","76.60","27.30","72.70","29.50","70.50","24.80","75.20","https://brothersofcharity.org.uk/lancashire/about-us/gender-pay-gap-report/","Darron Grundy (CEO)","500 to 999","Brothers of Charity Services in Lancashire","False","05/04/2020 00:00:00","09/04/2019 16:14:29"
"Brothers of Charity Services Merseyside and Greater Manchester","Thingwall Hall,
Broadgreen,
Liverpool,
L147NY","","87100,
87200,
88990","5.60","0.00","34.20","33.40","5.30","4.40","30.50","69.50","28.10","71.90","28.90","71.10","29.70","70.30","https://brothersofcharity.org.uk/merseyside/about-us/gender-pay-gap-reporting/","Darron Grundy (CEO)","500 to 999","Brothers of Charity Services Merseyside and Greater Manchester","False","05/04/2020 00:00:00","09/04/2019 16:16:28"
"BURHILL GOLF AND LEISURE LIMITED","Burhill,
Walton-On-Thames,
Surrey,
United Kingdom,
KT12 4BX","01497205","93110","16.60","0.00","65.20","72.60","25.30","21.10","42.00","58.00","45.00","55.00","72.00","28.00","69.00","31.00","","James Conlan (Finance Director)","500 to 999","BURHILL GOLF AND LEISURE LIMITED","False","05/04/2020 00:00:00","21/06/2019 10:14:05"
"BURHILL GROUP LIMITED","Burhill,
Burwood Road,
Walton On Thames,
Surrey,
United Kingdom,
KT12 4BX","07447067","70100,
93110","16.60","0.00","65.20","72.60","25.30","21.10","42.00","58.00","45.00","55.00","72.00","28.00","69.00","31.00","","James Conlan (Finance Director)","500 to 999","BURHILL GROUP LIMITED","False","05/04/2020 00:00:00","21/06/2019 10:17:56"
"CAMPHILL VILLAGE TRUST LIMITED(THE)","CAMPHILL VILLAGE TRUST,
The Kingfisher Offices,
9 Saville Street,
Malton,
North Yorkshire,
United Kingdom,
YO17 7LL","00539694","87900","6.10","-1.00","69.20","80.00","21.70","78.30","35.10","64.90","35.90","64.10","33.30","66.70","35.90","64.10","","Huw John (Chief Executive)","500 to 999","CAMPHILL VILLAGE TRUST LIMITED(THE)","False","05/04/2020 00:00:00","17/06/2019 12:34:47"
"CANNON HALL FARM LIMITED","Cannon Hall Farm, Cannon Hall Cawthorne,
Barnsley,
South Yorkshire,
S75 4AT","04637412","1500","17.60","1.80","26.80","-50.00","13.80","6.90","26.40","73.60","34.00","66.00","26.40","73.60","65.40","34.60","","Robert Nicholson (Director)","250 to 499","CANNON HALL FARM LIMITED","False","05/04/2020 00:00:00","13/04/2019 13:47:11"
"Castle Point Borough Council","The Council Offices, Kiln Road,
Benfleet,
Essex,
United Kingdom,
SS7 1TF","","1,
84110","6.30","-12.50","","","0.00","0.00","39.10","60.90","56.30","43.70","27.60","72.40","43.70","56.30","https://www.castlepoint.gov.uk/data-transparency","","250 to 499","Castle Point Borough Council","False","31/03/2020 00:00:00","14/05/2019 13:13:09"
"CHARLIES STORES LIMITED","Unit 7 Buttington,
Welshpool,
Powys,
Wales,
SY21 8SS","01761459","47190","10.00","8.00","19.00","32.00","86.00","87.00","37.00","63.00","48.00","52.00","52.00","48.00","62.00","38.00","https://www.charlies.co.uk/","Nicholas Dann (Finance Director)","250 to 499","CHARLIES STORES LIMITED","False","05/04/2020 00:00:00","05/04/2019 17:34:54"
"Chorley Borough Council","Town Hall,
Market Street,
Chorley,
Lancashire,
United Kingdom,
PR7 1DP","","1,
84110","-4.40","-7.10","","","0.00","0.00","59.30","40.70","52.40","47.60","46.30","53.70","47.60","52.40","http://chorley.gov.uk/Pages/AtoZ/Financial%20information.aspx","","250 to 499","Chorley Borough Council","False","31/03/2020 00:00:00","01/07/2019 11:21:47"
"Civil Aviation Authority","Aviation House,
Gatwick,
Sussex,
RH6 0YR","","1,
84110","31.90","40.10","21.40","32.50","14.50","17.70","28.50","71.50","49.00","51.00","72.80","27.20","79.30","20.70","http://publicapps.caa.co.uk/docs/33/CAP1822_GenderPayReport_Third_Report_2019.pdf","","1000 to 4999","Civil Aviation Authority","False","31/03/2020 00:00:00","17/07/2019 15:08:29"
"Clayesmore School","Clayesmore School,
Iwerne Minster,
Blandford,
Dorset,
United Kingdom,
DT11 8LL","00359779","85100,
85200,
85310","7.10","16.70","","","0.00","0.00","29.00","71.00","32.00","68.00","40.00","60.00","43.00","57.00","https://www.clayesmore.com/employment/","Amanda Hughes (Director of Finance and Operations)","250 to 499","Clayesmore School","False","05/04/2020 00:00:00","05/07/2019 06:55:05"
"CMGRP UK LIMITED","3 Grosvenor Gardens,
London,
United Kingdom,
SW1W 0BD","02442501","73110","16.00","9.00","44.00","12.00","31.00","22.00","33.00","67.00","32.00","68.00","30.00","70.00","43.00","57.00","","Cameron Murray (SVP HR)","250 to 499","CMGRP UK LIMITED","False","05/04/2020 00:00:00","02/08/2019 11:52:17"
"Compass Education Trust Ltd","The Billericay School,
School Road,
Billericay,
CM12 9LH","07666213","1,
85310","16.70","23.20","","","0.00","0.00","29.00","71.00","21.00","79.00","23.00","77.00","40.00","60.00","https://www.billericayschool.com/","","250 to 499","Compass Education Trust Ltd","False","31/03/2020 00:00:00","05/04/2019 14:42:12"
"CONCEPT RECRUITMENT GROUP LIMITED","4215 Park Approach,
Thorpe Park,
Leeds,
United Kingdom,
LS15 8GB","05888879","78200","18.70","7.40","25.50","-75.00","0.10","1.70","61.00","39.00","62.00","38.00","64.00","36.00","67.00","33.00","https://www.conceptrecruitment.com/","Tracey Oxley (HR Director)","1000 to 4999","CONCEPT RECRUITMENT GROUP LIMITED","False","05/04/2020 00:00:00","16/05/2019 08:52:38"
"CONTRACTOR UMBRELLA LIMITED","Unit 36 Silk Mill Industrial Estate,
Brook Street,
Tring,
Hertfordshire,
England,
HP23 5EF","04324081","69201","13.70","12.50","","","0.00","0.00","72.00","28.00","73.00","27.00","81.00","19.00","86.00","14.00","https://www.contractorumbrella.com/genderpayreporting.html","Zeeshan Anwar (Compliance Manager)","250 to 499","CONTRACTOR UMBRELLA LIMITED","False","05/04/2020 00:00:00","26/04/2019 10:06:09"
"DANIEL J. EDELMAN LIMITED","Southside 105 Victoria Street,
London,
United Kingdom,
SW1E 6QT","00924113","74909","21.40","15.30","48.00","11.30","62.90","62.20","36.80","63.20","29.10","70.90","29.90","70.10","47.40","52.60","https://www.edelman.co.uk/gender-pay-gap-report","Ed Williams (Chief Executive Officer UK, Vice Chairman Europe)","250 to 499","DANIEL J. EDELMAN LIMITED","False","05/04/2020 00:00:00","25/07/2019 21:23:26"
"DENTSPLY IH LIMITED","Dentsply Ih Ltd, Brunel Way,
Stonehouse,
Gloucestershire,
GL10 3GB","01480123","46900","35.50","18.00","72.40","43.90","75.70","79.90","35.10","64.90","33.30","66.70","47.40","52.60","64.30","35.70","","Julie Friend (Director, Global Leadership and Organisational Development)","Less than 250","DENTSPLY IH LIMITED","False","05/04/2020 00:00:00","26/07/2019 15:41:21"
"DYNEX SEMICONDUCTOR LIMITED","Doddington Road,
Lincoln,
Lincolnshire,
United Kingdom,
LN6 3LF","03824626","26110","33.00","37.00","100.00","100.00","0.40","0.00","48.00","52.00","49.00","51.00","78.00","22.00","86.00","14.00","https://www.dynexsemi.com/","Su Bailey (HR Director)","250 to 499","DYNEX SEMICONDUCTOR LIMITED","False","05/04/2020 00:00:00","05/04/2019 11:32:39"
"E.C.G. Building Maintenance Ltd.","11 First Road,
Blantyre Industrial Estate,
Blantyre,
Glasgow,
United Kingdom,
G72 0ND","SC147376","41201","20.50","24.90","34.60","8.40","10.60","10.00","71.10","28.90","75.90","24.10","95.20","4.80","95.20","4.80","http://ecg-facilities.com/wp-content/uploads/2018/04/ecgfs_gender-pay-gap_2017.pdf","Stephen Hawthorne (Director)","250 to 499","E.C.G. Building Maintenance Ltd.","False","05/04/2020 00:00:00","09/04/2019 12:28:44"
"EAST ANGLIA'S CHILDRENS HOSPICES","42 High Street,
Milton,
Cambridge,
Cambridgeshire,
CB24 6DF","03550187","86900","2.20","-8.90","","","0.00","0.00","22.40","77.60","10.30","89.70","13.90","86.10","18.30","81.70","","Hannah Burling (HR Director)","250 to 499","EAST ANGLIA'S CHILDRENS HOSPICES","False","05/04/2020 00:00:00","26/07/2019 10:52:41"
"Emlc Academy Trust","Bridge House Bridge Street,
Olney,
Bucks, United Kingdom,
MK46 4AB","","1,
85310","27.50","52.30","52.30","-45.60","9.00","10.80","8.00","92.00","13.00","87.00","23.00","77.00","30.00","70.00","https://www.eastmidlandsacademytrust.co.uk/491/key-information-and-policies/category/20/financial-information","","500 to 999","Emlc Academy Trust","False","31/03/2020 00:00:00","15/08/2019 15:17:04"
"ENACT CONVEYANCING LIMITED","PO BOX Hk3 David House,
David Street,
Leeds,
West Yorkshire,
United Kingdom,
LS11 5QJ","04702946","74909","7.30","1.00","49.90","14.80","40.90","53.30","37.00","63.00","32.00","68.00","33.00","67.00","40.00","60.00","","Ben Carroll (Managing Director)","500 to 999","ENACT CONVEYANCING LIMITED","False","05/04/2020 00:00:00","31/05/2019 08:44:17"
"EXPD8 LIMITED","1 Brunswick Square,
Bristol,
England,
BS2 8PE","04601274","74909","2.50","0.00","0.00","0.00","0.50","0.20","19.00","81.00","17.00","83.00","17.00","83.00","19.00","81.00","","Paul Roffey (Group Finance Director)","1000 to 4999","EXPD8 LIMITED","False","05/04/2020 00:00:00","09/07/2019 15:03:01"
"FDM GROUP LIMITED","3rd Floor, Cottons Centre,
Cottons Lane,
London,
United Kingdom,
SE1 2QG","02542980","62020,
62090,
78200","1.30","-1.70","2.30","-5.00","96.30","85.70","71.80","28.20","71.60","28.40","62.40","37.60","71.70","28.30","https://www.fdmgroup.com/wp-content/uploads/Gender-Pay-Gap-Report-2019.pdf","Roderick Flavell (Chief Executive Officer)","1000 to 4999","FDM GROUP LIMITED","False","05/04/2020 00:00:00","16/07/2019 21:26:07"
"FINANCIAL TIMES LIMITED(THE)","Bracken House,
1 Friday Street,
London,
England,
EC4M 9BT","00227590","58130","20.70","18.40","22.60","13.40","89.00","84.00","38.30","61.70","48.70","51.30","55.40","44.60","65.00","35.00","","John Ridding (CEO)","1000 to 4999","FINANCIAL TIMES LIMITED(THE)","False","05/04/2020 00:00:00","24/07/2019 07:00:38"
"FINDEL EDUCATION LIMITED","Church Bridge House,
Henry Street,
Accrington,
United Kingdom,
BB5 4EE","01135827","47910","34.40","34.40","11.90","23.60","5.60","16.00","24.00","76.00","25.00","75.00","37.50","62.50","54.00","46.00","","Gary McDowell (HR Director)","250 to 499","FINDEL EDUCATION LIMITED","False","05/04/2020 00:00:00","18/07/2019 13:45:17"
"FIRST HAMPSHIRE & DORSET LIMITED","Bus Depot,
Empress Road,
Southampton,
Hampshire,
United Kingdom,
SO14 0JW","01999120","49319","0.10","0.10","4.60","2.10","5.60","63.50","86.50","13.50","89.10","10.90","85.90","14.10","89.70","10.30","https://www.firstgroupplc.com/gender-pay-gap-report-2018","Jane Reakes Davies (Head of HR)","500 to 999","FIRST HAMPSHIRE & DORSET LIMITED","False","05/04/2020 00:00:00","10/04/2019 18:13:29"
"FOR UNDER FIVES LIMITED","33 Abbey Road,
Grimsby,
North East Lincolnshire,
DN32 0HQ","02490035","85100","0.20","2.40","","","0.00","0.00","2.90","97.10","0.00","100.00","1.40","98.60","2.90","97.10","","STEVEN LAMPARD (DIRECTOR)","250 to 499","FOR UNDER FIVES LIMITED","False","05/04/2020 00:00:00","04/06/2019 08:13:59"
"Fresh Start Recruitment (UK) Ltd","Innisdoon,
Crow Hill Drive,
Mansfield,
Nottinghamshire,
England,
NG19 7AE","05106224","78200","1.00","0.00","73.00","80.00","0.10","1.50","62.00","38.00","63.00","37.00","64.00","36.00","66.00","34.00","","Rob Jones (Finance Manager)","500 to 999","Fresh Start Recruitment (UK) Ltd","False","05/04/2020 00:00:00","05/04/2019 09:35:05"
"GARDLINE LIMITED","Endeavour House, Admiralty Road,
Great Yarmouth,
Norfolk,
United Kingdom,
NR30 3NG","04589821","74909","23.00","28.50","58.30","33.90","10.70","11.30","63.10","36.90","70.30","29.70","84.60","15.40","86.40","13.60","http://www.gardline.com/assets/cms_page_media/33/Gender%20Pay%20Gap%20Report%202019.pdf","Christiaan Vermeijden (CEO)","250 to 499","GARDLINE LIMITED","False","05/04/2020 00:00:00","22/07/2019 14:11:45"
"GEODIS FF UNITED KINGDOM LTD.","Lhr1 145 Faggs Road,
Feltham,
Middlesex,
United Kingdom,
TW14 0LZ","00621547","49410,
50200,
51210,
52290","25.00","-0.20","71.00","29.00","19.00","9.00","66.00","34.00","55.00","45.00","47.00","53.00","72.00","28.00","https://intranet.ff.geodis.com/Interact/Pages/Content/Document.aspx?id=21764","Claire Alden (HR Manager)","250 to 499","GEODIS FF UNITED KINGDOM LTD.","False","05/04/2020 00:00:00","11/04/2019 17:45:48"
"Gloucestershire Care Services Nhs Trust","1010 Pioneer Avenue,
Brockworth,
Gloucester,
Gloucestershire,
United Kingdom,
GL3 4AW","","1,
86210","12.30","0.00","72.00","83.90","0.30","0.10","11.20","88.80","9.60","90.40","7.90","92.10","13.20","86.80","https://www.glos-care.nhs.uk/","","1000 to 4999","Gloucestershire Care Services Nhs Trust","False","31/03/2020 00:00:00","12/07/2019 14:53:25"
"Grace Academy","The Pavilion,
Manor Drive,
Coleshill,
West Midlands,
United Kingdom,
B46 1DL","04967658","1,
85310","12.10","0.20","","","0.00","0.00","29.00","71.00","30.00","70.00","25.00","75.00","34.00","66.00","","","250 to 499","Grace Academy","False","31/03/2020 00:00:00","28/06/2019 11:03:58"
"GRAVESHAM COMMUNITY LEISURE LIMITED","Cascades Leisure Centre,
Thong Lane,
Gravesend,
Kent,
United Kingdom,
DA12 4LG","IP28949R","","-13.10","-8.50","","","0.00","0.00","44.90","55.10","25.70","74.30","14.30","85.70","17.10","82.90","http://www.gcllstaff.co.uk/wp-content/uploads/2016/04/Report-2019.pdf","Helen Lake (Head of HR)","250 to 499","GRAVESHAM COMMUNITY LEISURE LIMITED","False","05/04/2020 00:00:00","24/05/2019 11:51:30"
"GRAY & ADAMS HOLDINGS LIMITED","South Road,
South Road,
Fraserburgh,
Aberdeenshire,
Scotland,
AB43 9HU","SC369620","29202","14.90","12.00","51.00","-20.00","88.00","77.60","81.60","18.40","97.80","2.20","96.20","3.80","88.10","11.90","https://gray-adams.com","MARK GRANT (GROUP FINANCE DIRECTOR)","250 to 499","GRAY & ADAMS HOLDINGS LIMITED","False","05/04/2020 00:00:00","03/06/2019 15:01:18"
"GRAY & ADAMS LIMITED","Gray & Adams,
South Road,
Fraserburgh,
Scotland,
AB43 9HU","SC047482","29202","17.60","8.10","64.30","0.00","85.20","73.80","79.80","20.20","100.00","0.00","96.60","3.40","88.10","11.90","https://gray-adams.com","MARK GRANT (GROUP FINANCE DIRECTOR)","250 to 499","GRAY & ADAMS LIMITED","False","05/04/2020 00:00:00","03/06/2019 14:59:09"
"GREENCROFT BOTTLING COMPANY  LIMITED","Unit 1, Greencroft Estate,
Tower Road Annfield Plain,
Stanley,
County Durham,
DH9 7XP","04768870","46342,
82920","5.20","4.00","9.10","0.00","84.00","86.00","84.00","16.00","83.00","17.00","83.00","17.00","84.00","16.00","https://www.greencroftbottling.com/","Mark Satchwell (Managing Director)","250 to 499","GREENCROFT BOTTLING COMPANY  LIMITED","False","05/04/2020 00:00:00","23/04/2019 16:11:38"
"GROSVENOR CLEANING SERVICES LIMITED","The Lodge, 10 Algitha Road,
Skegness,
Lincolnshire,
PE25 2AG","02601775","81210,
81229,
81299","1.30","19.90","2.00","0.00","1.20","1.20","11.30","88.70","14.00","86.00","24.50","75.50","44.30","55.70","http://www.grosvenorservices.com/the-grosvenor-story/working-at-grosvenor","Brian Solan (Head of HR)","250 to 499","GROSVENOR CLEANING SERVICES LIMITED","False","05/04/2020 00:00:00","08/08/2019 13:12:04"
"GUARDIAN NEWS & MEDIA LIMITED","Kings Place,
90 York Way,
London,
United Kingdom,
N1P 2AP,
68164","00908396","58130","11.00","4.90","27.50","2.80","9.10","11.80","37.00","63.00","53.00","47.00","54.00","46.00","63.00","37.00","https://uploads.guim.co.uk/2019/07/02/GNM_genderpayreport_2019_FINAL.pdf","Suzy Black (Group HR Director)","1000 to 4999","GUARDIAN NEWS & MEDIA LIMITED","False","05/04/2020 00:00:00","02/07/2019 14:24:36"
"HALL CLEANING SERVICES LIMITED","Knowsley Business Park,
Caddick Road,
Prescot,
Merseyside,
United Kingdom,
L34 9HP","01545130","96090","0.20","0.00","0.00","0.00","0.40","0.40","19.20","80.80","19.20","80.80","19.20","80.80","19.20","80.80","https://hallcleaning.uk/gender-pay-gap-report","Allan Ashurst (Director)","250 to 499","HALL CLEANING SERVICES LIMITED","False","05/04/2020 00:00:00","03/07/2019 16:18:20"
"HAMMERSMITH MEDICINES RESEARCH LIMITED","44 Cumberland Avenue,
London,
NW10 7EW","02779946","72190","15.80","8.00","","","0.00","0.00","23.00","77.00","31.00","69.00","32.00","68.00","33.00","67.00","","Amritpal Veerpal (Payroll and Pensions Officer)","250 to 499","HAMMERSMITH MEDICINES RESEARCH LIMITED","False","05/04/2020 00:00:00","31/07/2019 13:21:21"
"Hartwell PLC","Wootton Business Park,
Besselsleigh Road,
Wootton,
Oxon,
England,
OX13 6FD","00155302","70100","24.60","16.80","67.20","68.20","73.10","61.20","71.80","28.20","64.70","35.30","77.60","22.40","87.00","13.00","","Andrew Lemon (Finance Director)","500 to 999","Hartwell PLC","False","05/04/2020 00:00:00","02/08/2019 11:14:56"
"HML HOLDINGS PLC","9-11 The Quadrant,
Richmond,
Surrey,
United Kingdom,
TW9 1BP","05728008","70100","13.90","6.00","59.00","32.00","17.00","12.00","56.00","44.00","44.00","56.00","44.00","56.00","66.00","34.00","https://www.hmlgroup.com/equal-opportunities/","Richard Scott (HR Director)","500 to 999","HML HOLDINGS PLC","False","05/04/2020 00:00:00","24/06/2019 12:40:19"
"Horizons Specialist Academy Trust","Abbey Hill Academy,
Ketton Road,
Stockton-On-Tees,
Cleveland,
United Kingdom,
TS19 8BU","08608287","1,
85590","26.00","32.90","","","0.00","0.00","11.40","88.60","17.10","82.90","21.40","78.60","45.70","54.30","","","250 to 499","Horizons Specialist Academy Trust","False","31/03/2020 00:00:00","12/07/2019 09:13:15"
"HR ESSENTIALS LIMITED","Blenheim Court, 17 Newbold Road,
Chesterfield,
Derbyshire,
S41 7PG","04646287","78300","-3.80","0.20","-512.60","-338.10","7.80","13.40","69.90","30.10","70.20","29.80","73.70","26.30","72.90","27.10","https://www.essentialrecruitment.co.uk/gender-pay-gap/","Carl Wootton (Financial Director)","1000 to 4999","HR ESSENTIALS LIMITED","False","05/04/2020 00:00:00","16/04/2019 10:14:34"
"HSBC Bank PLC","8 Canada Square,
London,
United Kingdom,
E14 5HQ","00014259","64191","55.10","50.80","68.50","69.30","95.00","94.00","50.00","50.00","69.00","31.00","77.00","23.00","93.00","7.00","https://www.hsbc.com/-/files/hsbc/our-approach/measuring-our-impact/pdfs/190612-uk-gender-pay-gap-report-2019.pdf?download=1","Elaine Arden (Group Chief Human Resources Officer)","1000 to 4999","HSBC Bank PLC","False","05/04/2020 00:00:00","13/06/2019 06:49:02"
"HSBC GLOBAL ASSET MANAGEMENT (UK) LIMITED","8 Canada Square,
London,
United Kingdom,
E14 5HQ","01917956","66300","39.40","32.60","60.00","51.80","90.00","93.00","49.00","51.00","69.00","31.00","71.00","29.00","84.00","16.00","https://www.hsbc.com/-/files/hsbc/our-approach/measuring-our-impact/pdfs/190612-uk-gender-pay-gap-report-2019.pdf?download=1","Elaine Arden (Group Chief Human Resources Officer)","250 to 499","HSBC GLOBAL ASSET MANAGEMENT (UK) LIMITED","False","05/04/2020 00:00:00","13/06/2019 06:54:35"
"HSBC GLOBAL SERVICES (UK) LIMITED","8 Canada Square,
London,
E14 5HQ","07272547","82110","28.60","31.40","44.00","38.20","91.00","92.00","39.00","61.00","52.00","48.00","66.00","34.00","72.00","28.00","https://www.hsbc.com/-/files/hsbc/our-approach/measuring-our-impact/pdfs/190612-uk-gender-pay-gap-report-2019.pdf?download=1","Elaine Arden (Group Chief Human Resources Officer)","5000 to 19,999","HSBC GLOBAL SERVICES (UK) LIMITED","False","05/04/2020 00:00:00","13/06/2019 06:59:44"
"HSBC GROUP MANAGEMENT SERVICES LIMITED","8 Canada Square,
London,
E14 5HQ","09231974","82990","37.80","20.70","58.70","38.20","92.00","92.00","40.00","60.00","48.00","52.00","59.00","41.00","69.00","31.00","https://www.hsbc.com/-/files/hsbc/our-approach/measuring-our-impact/pdfs/190612-uk-gender-pay-gap-report-2019.pdf?download=1","Elaine Arden (Group Chief Human Resources Officer)","5000 to 19,999","HSBC GROUP MANAGEMENT SERVICES LIMITED","False","05/04/2020 00:00:00","13/06/2019 07:02:24"
"HSBC HOLDINGS B.V.","Branch Registration,
Refer To Parent Registry","FC023737","","38.80","35.30","52.30","45.40","100.00","97.00","68.00","32.00","60.00","40.00","86.00","14.00","86.00","14.00","https://www.hsbc.com/-/files/hsbc/our-approach/measuring-our-impact/pdfs/190612-uk-gender-pay-gap-report-2019.pdf?download=1","Elaine Arden (Group Chief Human Resources Officer)","250 to 499","HSBC HOLDINGS B.V.","False","05/04/2020 00:00:00","13/06/2019 07:04:19"
"HSBC PRIVATE BANK (UK) LIMITED","8 Canada Square,
London,
United Kingdom,
E14 5HQ","00499482","64191","36.40","35.10","52.20","47.60","94.00","90.00","37.00","63.00","45.00","55.00","64.00","36.00","73.00","27.00","https://www.hsbc.com/-/files/hsbc/our-approach/measuring-our-impact/pdfs/190612-uk-gender-pay-gap-report-2019.pdf?download=1","Elaine Arden (Group Chief Human Resources Officer)","250 to 499","HSBC PRIVATE BANK (UK) LIMITED","False","05/04/2020 00:00:00","13/06/2019 06:57:07"
"HSBC UK BANK PLC","1, Centenary Square,
Birmingham,
United Kingdom,
B1 1HQ","09928412","64191","32.00","18.70","59.70","44.30","87.00","87.00","32.00","68.00","27.00","73.00","34.00","66.00","58.00","42.00","https://www.hsbc.com/-/files/hsbc/our-approach/measuring-our-impact/pdfs/190612-uk-gender-pay-gap-report-2019.pdf?download=1","Elaine Arden (Group Chief Human Resources Officer)","20,000 or more","HSBC UK BANK PLC","False","05/04/2020 00:00:00","13/06/2019 06:43:34"
"IDEMIA UK LIMITED","Alexandra Way,
Ashchurch Business Centre,
Tewkesbury,
Gloucestershire,
United Kingdom,
GL20 8GA","03783939","32990","27.10","16.10","55.20","65.70","25.00","17.00","39.10","60.90","42.90","57.10","65.60","34.40","70.30","29.70","","Dawn Wray (VP UK & Ireland)","250 to 499","IDEMIA UK LIMITED","False","05/04/2020 00:00:00","05/08/2019 16:16:41"
"IN TOUCH GAMES LIMITED","Fountain House, Great Cornbow,
Halesowen,
West Midlands,
B63 3BL","04629082","92000","-5.40","10.40","25.10","-143.80","60.70","63.90","43.00","57.00","69.00","31.00","84.00","16.00","63.00","37.00","","Harriet Grant (HR Manager)","250 to 499","IN TOUCH GAMES LIMITED","False","05/04/2020 00:00:00","10/06/2019 10:35:11"
"INCLUSIVE SCHOOLS TRUST","Lionwood Infant And Nursery School, Telegraph Lane East,
Norwich,
Norfolk,
NR1 4AN","10607038","85200","30.20","51.60","","","0.00","0.00","6.70","93.30","6.10","93.90","11.70","88.30","20.00","80.00","","Selene Sawyer (CEO)","250 to 499","INCLUSIVE SCHOOLS TRUST","False","05/04/2020 00:00:00","23/05/2019 13:12:24"
"Inspire (Partnership Through Life) Ltd.","Beach Boulevard,
Aberdeen,
United Kingdom,
AB24 5HP","SC113676","87300,
88100","6.20","2.00","12.10","23.10","19.60","80.40","38.50","61.50","2.80","97.20","20.20","79.80","19.30","80.70","https://www.inspireptl.org.uk/","Sharon Catchpole (Director of People)","250 to 499","Inspire (Partnership Through Life) Ltd.","False","05/04/2020 00:00:00","05/04/2019 11:09:53"
"INTERFLOOR LIMITED","Broadway,
Haslingden,
Rossendale,
Lancashire,
United Kingdom,
BB4 4LS","00162988","32990","3.70","4.50","-78.70","-155.20","2.00","10.00","79.70","20.30","97.10","2.90","97.10","2.90","84.10","15.90","https://www.interfloor.com/gender-pay-gap-reporting/","Gary McEwan (HR Director)","250 to 499","INTERFLOOR LIMITED","False","05/04/2020 00:00:00","02/08/2019 13:04:40"
"J & J Ormerod PLC","Colonial House,
Bacup,
Lancashire,
United Kingdom,
OL13 0EA","00931323","32990","2.30","3.20","6.00","2.40","8.00","18.30","75.00","25.00","85.70","14.30","86.90","13.10","84.20","15.80","https://jjoplc.com","Stephen Greenhalgh (Managing Director)","250 to 499","J & J Ormerod PLC","False","05/04/2020 00:00:00","11/04/2019 08:32:58"
"JOHN REILLY (CIVIL ENGINEERING)  LIMITED","Highfield Court, Tollgate,Chandlers Ford,
Eastleigh,
Hampshire,
SO53 3TY","01987435","41201","27.80","39.60","72.50","-100.00","13.70","90.90","91.00","9.00","95.00","5.00","100.00","0.00","100.00","0.00","","Yip Lieu (Director)","250 to 499","JOHN REILLY (CIVIL ENGINEERING)  LIMITED","False","05/04/2020 00:00:00","28/06/2019 07:51:32"
"KPPES LTD","121 Moffat Street,
Glasgow,
G5 0ND","SC349485","82990","11.00","9.00","","","0.00","0.00","19.00","81.00","29.00","71.00","38.00","62.00","40.00","60.00","https://keyportfolio.co.com/gender-pay-gap","Gary Walker (Director)","1000 to 4999","KPPES LTD","False","05/04/2020 00:00:00","18/04/2019 10:51:15"
"LINCOLNSHIRE HOUSING PARTNERSHIP  LIMITED","Westgate Park,
Charlton Street,
Grimsby,
DN31 1SQ","RS007748","","4.80","8.40","","","0.00","0.00","31.60","68.40","62.20","37.80","48.50","51.50","63.30","36.70","https://www.lincolnshirehp.com/media/2649/gender-pay-gap-report-2019.pdf","Jane Godfrey (Head of HR &OD)","250 to 499","LINCOLNSHIRE HOUSING PARTNERSHIP  LIMITED","False","05/04/2020 00:00:00","14/05/2019 16:26:56"
"LOCAL CARE DIRECT LIMITED","Unit 14 Longbow Close,
Pennine Business Park,
Bradley,
HD2 1GQ","IP29766R","","-12.90","-21.90","0.20","-20.00","88.80","83.30","42.00","58.00","61.00","39.00","28.00","72.00","26.00","74.00","https://www.localcaredirect.org/","Diane Whale (Director of Finance)","250 to 499","LOCAL CARE DIRECT LIMITED","False","05/04/2020 00:00:00","13/06/2019 12:59:08"
"LOGOPLASTE UK LIMITED","Suite 7 East Wing,
100 Longwater Avenue,
Reading,
Berkshire,
United Kingdom,
RG2 6GP","03834369","22220,
70229,
82990","-75.00","-35.00","-25.00","31.00","12.00","54.00","100.00","0.00","97.00","3.00","95.00","5.00","88.00","12.00","https://www.logoplaste.com/","Lisa Hillburn (VP HR Europe & SEA)","250 to 499","LOGOPLASTE UK LIMITED","False","05/04/2020 00:00:00","16/04/2019 12:20:16"
"LONDON CLUBS MANAGEMENT LIMITED","55 Baker Street,
London,
England,
W1U 8EW","02737549","70100","1.90","0.00","-6.00","0.00","87.70","91.40","50.40","49.60","59.30","40.70","59.60","40.40","54.90","45.10","https://www.caesars.co.uk/careers/gender-pay-information-update","Gerry Tuthill (Group Managing Director (EMEA))","1000 to 4999","LONDON CLUBS MANAGEMENT LIMITED","False","05/04/2020 00:00:00","01/08/2019 08:15:30"
"LOUVER-LITE LIMITED","Ashton Road,
Hyde,
Cheshire,
United Kingdom,
SK14 4BG","01011431","32990","5.10","-4.50","62.00","0.00","10.00","11.00","57.00","43.00","77.00","23.00","78.00","22.00","100.00","0.00","https://www.louvolite.com/wp-content/uploads/Gender-Pay.pdf","Simon Monk (CEO)","250 to 499","LOUVER-LITE LIMITED","False","05/04/2020 00:00:00","02/05/2019 16:25:51"
"M.P.I. LIMITED","International House The Chase, Foxholes Business Park,
Hertford,
Hertfordshire,
England,
SG13 7NN","02746209","78200","16.40","11.40","76.40","49.90","11.00","15.00","66.70","33.30","63.20","36.80","69.60","30.40","82.40","17.60","","Helena Arrandale - Hall (Company Accountant)","250 to 499","M.P.I. LIMITED","False","05/04/2020 00:00:00","23/05/2019 11:38:18"
"MAILWAY PACKAGING SOLUTIONS LIMITED","12-16 Pitcliffe Way,
West Bowling,
Bradford,
West Yorkshire,
United Kingdom,
BD5 7SG","07128297","82920","34.00","9.50","97.60","7.70","11.00","4.60","46.00","54.00","36.00","64.00","56.00","44.00","71.00","29.00","https://www.mailway.co.uk","Richard Bramma (Cheif Executive Officer)","250 to 499","MAILWAY PACKAGING SOLUTIONS LIMITED","False","05/04/2020 00:00:00","26/06/2019 15:02:39"
"MARATHON SERVICE (G.B.) LIMITED","91 Wimpole Street,
London,
England,
W1G 0EF","01293052","82990","17.70","13.80","23.90","-19.70","93.90","96.80","63.60","36.40","89.70","10.30","84.60","15.40","89.70","10.30","https://www.marathonoil.com/Operations/International/","Deanna Jones (VP Human Resources and Admin Services)","250 to 499","MARATHON SERVICE (G.B.) LIMITED","False","05/04/2020 00:00:00","20/06/2019 09:51:48"
"MARKS AND SPENCER FINANCIAL SERVICES PLC","Kings Meadow,
Chester Business Park,
Chester,
United Kingdom,
CH99 9FB","01772585","64999","13.40","2.30","36.10","18.70","85.00","89.00","33.00","67.00","24.00","76.00","27.00","73.00","38.00","62.00","https://www.hsbc.com/-/files/hsbc/our-approach/measuring-our-impact/pdfs/190612-uk-gender-pay-gap-report-2019.pdf?download=1","Elaine Arden (Group Chief Human Resources Officer)","1000 to 4999","MARKS AND SPENCER FINANCIAL SERVICES PLC","False","05/04/2020 00:00:00","13/06/2019 06:51:42"
"MCB RESTAURANTS LIMITED","72-74 High Street,
Southend On Sea,
Essex,
SS1 1JF","03202860","56101","-0.20","0.00","-68.10","0.00","15.50","13.50","60.60","39.40","55.30","44.70","46.80","53.20","48.50","51.50","","Paul Dickinson (Operations Supervisor)","250 to 499","MCB RESTAURANTS LIMITED","False","05/04/2020 00:00:00","01/08/2019 10:31:48"
"Monzo Bank Limited","38 Finsbury Square,
London,
United Kingdom,
EC2A 1PX","09446231","64191,
64999","19.30","20.40","-18.90","0.00","13.80","17.00","48.90","51.10","53.80","46.20","52.60","47.40","73.90","26.10","https://monzo.com/blog/2019/05/15/gender-pay-gap/","Libby Townsend (Chief People Officer)","500 to 999","Monzo Bank Limited","False","05/04/2020 00:00:00","22/05/2019 12:49:09"
"MOORCROFT GROUP PUBLIC LIMITED COMPANY","Moorcroft House,
No.2 Spring Gardens,
Stockport,
United Kingdom,
SK1 4AA","01704109","64999","13.00","-4.50","","","0.00","0.00","50.00","50.00","52.00","48.00","39.00","61.00","53.00","47.00","","Amanda Martin-McRoberts (Director)","250 to 499","MOORCROFT GROUP PUBLIC LIMITED COMPANY","False","05/04/2020 00:00:00","24/05/2019 10:30:55"
"NEOVIA LOGISTICS SERVICES (U.K.) LIMITED","Peckleton Lane,
Desford,
Leicester,
United Kingdom,
LE9 9BZ","02136514","52103","4.50","6.10","21.20","27.20","71.00","54.00","64.00","36.00","62.00","38.00","75.00","25.00","71.00","29.00","","Pat Olney (Chief Executive Officer)","1000 to 4999","NEOVIA LOGISTICS SERVICES (U.K.) LIMITED","False","05/04/2020 00:00:00","04/07/2019 14:37:30"
"Newcastle City Council","Civic Centre,
Newcastle Upon Tyne,
Tyne And Wear,
United Kingdom,
NE1 8QH","","1,
84110","3.60","6.00","","","0.00","0.00","30.60","69.40","48.20","51.80","51.00","49.00","44.50","55.50","","","5000 to 19,999","Newcastle City Council","False","31/03/2020 00:00:00","23/07/2019 10:42:35"
"NEWPORT WAFER FAB LIMITED","Cardiff Road,
Newport,
United Kingdom,
NP10 8YJ","04338966","26110","23.70","15.60","31.10","7.60","90.70","91.20","57.00","43.00","68.50","31.50","72.00","28.00","92.40","7.60","https://www.newportwaferfab.co.uk/ckfinder/userfiles/files/newport%20wafer%20fab%20gender%20pay%20gap%20report%20july%202019.pdf","Simon Argent (HR Director)","250 to 499","NEWPORT WAFER FAB LIMITED","False","05/04/2020 00:00:00","23/07/2019 13:31:07"
"NIFTYLIFT LIMITED","Niftylift Limited Chalkdell Drive,
Shenley Wood,
Milton Keynes,
United Kingdom,
MK5 6GF","01264184","28990","-1.40","-4.60","89.60","79.20","95.60","87.80","96.30","3.70","91.20","8.80","89.00","11.00","93.30","6.70","https://www.niftylift.com/uk","Kerry Lyall (HR/Payroll Manager)","500 to 999","NIFTYLIFT LIMITED","False","05/04/2020 00:00:00","12/04/2019 15:30:58"
"Nmb-Minebea UK Ltd","Doddington Road,
Lincoln,
United Kingdom,
LN6 3RA","02194706","25990","2.70","-11.00","11.40","0.00","95.90","98.10","85.00","15.00","89.90","10.10","75.90","24.10","82.50","17.50","","Alison Robinson (Finance & Administration Manager)","250 to 499","Nmb-Minebea UK Ltd","False","05/04/2020 00:00:00","23/05/2019 11:10:13"
"NORTH LANARKSHIRE LEISURE LIMITED","1 Ardgoil Drive,
Cumbernauld,
Glasgow,
United Kingdom,
G68 9NE","SC303391","93120","7.00","6.00","","","0.00","0.00","38.80","61.20","56.40","43.60","55.00","45.00","62.40","37.60","https://www.nlleisure.co.uk/","Emma Walker (Managing Director)","500 to 999","NORTH LANARKSHIRE LEISURE LIMITED","False","05/04/2020 00:00:00","17/06/2019 15:46:53"
"North Tyneside Council","Quadrant,
The Silverlink North,
Cobalt Business Park,
North Shields,
Tyne And Wear,
United Kingdom,
NE27 0BY","","1,
84110","7.60","2.20","","","0.00","0.00","15.00","85.00","44.00","56.00","29.00","71.00","33.00","67.00","https://my.northtyneside.gov.uk/category/1270/staffing-and-equality","","1000 to 4999","North Tyneside Council","False","31/03/2020 00:00:00","01/04/2019 17:18:26"
"NORTHERN AUTOMOTIVE SYSTEMS LIMITED","Gilwern Park Ty Mawr Road,
Gilwern,
Abergavenny,
Monmouthshire,
Wales,
NP7 0EB","02776653","29320","5.00","0.00","19.00","14.00","62.70","46.90","76.00","24.00","83.00","17.00","56.00","44.00","73.00","27.00","","Aiden Lambe (Finance Director)","500 to 999","NORTHERN AUTOMOTIVE SYSTEMS LIMITED","False","05/04/2020 00:00:00","24/05/2019 13:17:10"
"Ofgem","10 South Colannade,
London,
United Kingdom,
E14 4PU","","1,
84110","5.90","7.80","15.90","19.40","56.20","63.80","57.40","42.60","46.60","53.40","53.40","46.60","62.80","37.20","","","500 to 999","Ofgem","False","31/03/2020 00:00:00","13/05/2019 09:02:01"
"OXFORD INSTRUMENTS NANOTECHNOLOGY TOOLS LIMITED","Tubney Woods,
Abingdon,
Oxon,
United Kingdom,
OX13 5QX","00704320","26511","12.50","16.20","35.10","0.00","58.00","54.50","73.60","26.40","75.90","24.10","84.40","15.60","86.50","13.50","https://www.oxinst.com/corporate-content/gender-pay-report","Vicki Potter (Group HR Director)","500 to 999","OXFORD INSTRUMENTS NANOTECHNOLOGY TOOLS LIMITED","False","05/04/2020 00:00:00","05/08/2019 10:25:35"
"PACIFIC CARE LIMITED","CAMPBELL DALLAS LLP,
Titanium 1 King's Inch Place,
Renfrew,
United Kingdom,
PA4 8WF","SC174016","86900","8.10","2.20","","","0.00","0.00","14.30","85.70","13.20","86.80","19.70","80.30","18.40","81.60","","Angela Byers (HR Manager)","250 to 499","PACIFIC CARE LIMITED","False","05/04/2020 00:00:00","06/05/2019 11:19:49"
"PENGUIN BOOKS LIMITED","20 Vauxhall Bridge Road,
London,
England,
SW1V 2SA","00861590","58110","21.70","10.60","60.20","17.00","94.40","91.20","15.40","84.60","26.50","73.50","27.00","73.00","33.00","67.00","https://www.penguin.co.uk/company/about-us/notices/gender-pay-gap-reports.html","Val Garside (HR Director)","500 to 999","PENGUIN BOOKS LIMITED","False","05/04/2020 00:00:00","25/07/2019 12:05:56"
"Peninsula Learning Trust","Unit 18 St Austell Business Park,
Treverbyn Road,
St. Austell,
Cornwall,
England,
PL25 4FD","07565242","1,
85200,
85310","23.90","33.60","","","0.00","0.00","7.50","92.50","11.80","88.20","37.00","63.00","28.60","71.40","https://peninsulatrust.org/governance/documentation/","","250 to 499","Peninsula Learning Trust","False","31/03/2020 00:00:00","17/07/2019 13:27:39"
"PEOPLEPLUS GROUP LIMITED","19-20 The Triangle,
Ng2 Business Park,
Nottingham,
United Kingdom,
NG2 1AE","05722765","85590","13.30","9.90","42.30","36.00","9.20","10.20","24.40","75.60","32.90","67.10","43.70","56.30","44.30","55.70","https://peopleplus.co.uk/work-for-us/","Simon Rouse (Managing Director)","1000 to 4999","PEOPLEPLUS GROUP LIMITED","False","05/04/2020 00:00:00","22/07/2019 19:02:12"
"PGL ENTERPRISES LIMITED","Windsor House,
26 Mostyn Avenue,
Llandudno,
Wales,
LL30 1YY","05490770","56102","1.00","7.00","36.00","32.00","7.00","6.00","52.00","48.00","46.00","54.00","53.00","47.00","52.00","48.00","","Phillip Lowndes (Director)","500 to 999","PGL ENTERPRISES LIMITED","False","05/04/2020 00:00:00","05/04/2019 11:34:19"
"PRINCESS ALICE HOSPICE","West End Lane, Esher,
Surrey,
KT10 8NA","01599796","85590,
86900,
88990","-1.10","-3.80","","","0.00","0.00","18.20","81.80","14.50","85.50","14.50","85.50","12.80","87.20","https://www.pah.org.uk/join-our-team/rewarding-work/","Natalia Carreja (People Services Lead)","250 to 499","PRINCESS ALICE HOSPICE","False","05/04/2020 00:00:00","14/05/2019 17:23:29"
"R E PEOPLE LIMITED","Cps House,
7-9 Ambrose Street,
Cheltenham,
Gloucestershire,
England,
GL50 3QR","05506226","78109","-27.00","-1.00","-7.00","17.00","3.00","6.00","65.00","35.00","67.00","33.00","69.00","31.00","66.00","34.00","https://www.reresourcegroup.co.uk/","Rina Gendvilaite (Rina Gendvilaite)","500 to 999","R E PEOPLE LIMITED","False","05/04/2020 00:00:00","17/06/2019 16:39:38"
"R E PERSONNEL LIMITED","Cps House,
7-9 Ambrose Street,
Cheltenham,
Glos,
United Kingdom,
GL50 3QR","04301078","78109","16.00","3.00","-97.00","-3.00","3.00","4.00","65.00","35.00","63.00","37.00","56.00","44.00","60.00","40.00","https://www.resourcegroup.co.uk/","Rina Gendvilaite (Payroll Manager)","1000 to 4999","R E PERSONNEL LIMITED","False","05/04/2020 00:00:00","17/06/2019 16:34:17"
"Ratcliffe College","Ratcliffe College,
Fosse Way,
Ratcliffe On The Wreake,
Leicester,
United Kingdom,
LE7 4SG","05900743","85100,
85200,
85310","22.00","36.00","24.00","17.00","6.00","7.00","23.00","77.00","35.00","65.00","32.00","68.00","60.00","40.00","","Chris Bellamy (Bursar)","250 to 499","Ratcliffe College","False","05/04/2020 00:00:00","11/07/2019 15:59:11"
"Reading Borough Council","Reading Borough Council,
Civic Offices,
Bridge Street,
Reading,
United Kingdom,
RG1 2LU","","1,
84110","3.00","5.00","46.60","74.50","1.40","1.10","34.00","66.00","29.00","71.00","38.00","62.00","35.00","65.00","http://www.reading.gov.uk/staff-structure-salaries","","1000 to 4999","Reading Borough Council","False","31/03/2020 00:00:00","31/03/2019 08:16:25"
"RECORD U.K.  LIMITED","9, Watt Place, Hamilton Intnl Technology Park,
Blantyre,
Glasgow,
G72 0AH","SC124392","43390","18.40","21.90","52.00","47.00","61.00","9.00","61.00","39.00","75.00","25.00","96.00","4.00","88.00","12.00","","Kerry Johnson (Head if HR)","250 to 499","RECORD U.K.  LIMITED","False","05/04/2020 00:00:00","08/04/2019 16:40:21"
"Registers of Scotland","Meadowbank House,
153 London Road,
Edinburgh,
EH8 7AU","","1","2.10","0.00","","","0.00","0.00","50.20","49.80","49.10","50.90","49.50","50.50","53.80","46.20","","","1000 to 4999","Registers of Scotland","False","31/03/2020 00:00:00","30/05/2019 10:40:42"
"RENAISSANCE RESOURCES LIMITED","121 Dalyell Road,
London,
SW9 9UU","04326234","78200","1.40","0.00","","","0.00","0.00","50.00","50.00","50.00","50.00","43.50","56.50","45.80","54.20","http://www.evocationefl.net","Martin Richards (Director)","Less than 250","RENAISSANCE RESOURCES LIMITED","False","05/04/2020 00:00:00","25/04/2019 17:15:45"
"Rhondda Cynon Taf Council","The Pavilions,
Cambrian Park,
Clydach Vale,
CF40 2XX","","1","13.30","9.00","","","0.00","0.00","9.00","91.00","21.00","79.00","34.00","66.00","34.00","66.00","","","5000 to 19,999","Rhondda Cynon Taf Council","False","31/03/2020 00:00:00","16/04/2019 14:29:46"
"RISEDALE ESTATES LIMITED","Risedale At Abbey Meadow,
Duchy Court,
Barrow-In-Furness,
Cumbria,
United Kingdom,
LA13 0BF","01974198","87100,
87200,
87300","4.00","3.00","22.00","25.00","24.00","19.00","12.00","88.00","15.00","85.00","10.00","90.00","22.00","78.00","http://www.risedale-carehomes.co.uk","TRACY BRACKWELL (DIRECTOR OF ADMINISTRATION)","500 to 999","RISEDALE ESTATES LIMITED","False","05/04/2020 00:00:00","22/07/2019 17:28:35"
"RUSHCLIFFE CARE LIMITED","3rd Floor Butt Dyke House,
33 Park Row,
Nottingham,
United Kingdom,
NG1 6EE","02753596","87100","1.00","-1.30","","","0.00","0.00","18.00","82.00","20.00","80.00","16.00","84.00","29.00","71.00","http://www.rushcliffecare.co.uk/","Karen Noon (Group Operations Director)","500 to 999","RUSHCLIFFE CARE LIMITED","False","05/04/2020 00:00:00","05/04/2019 10:17:48"
"S.D. TAYLOR LIMITED","7 Turnberry Park Road,
Gildersome, Morley,
Leeds,
England,
LS27 7LE","00550055","64921","20.00","11.00","12.60","0.80","69.10","48.30","32.00","68.00","58.00","42.00","63.00","37.00","63.00","37.00","https://www.loansathome.co.uk/gender-pay-report-2018/","David Thompson (CEO)","250 to 499","S.D. TAYLOR LIMITED","False","05/04/2020 00:00:00","21/06/2019 16:08:57"
"S4E LIMITED","Unit 3 Holt Court Holt Street,
Birmingham Science Park Aston,
Birmingham,
England,
B7 4AX","07739831","85520,
85600,
90030","3.80","0.00","","","0.00","0.00","47.30","52.70","38.20","61.80","36.40","63.60","42.60","57.40","https://www.servicesforeducation.co.uk/careers/","Martyn Collin (CEO)","250 to 499","S4E LIMITED","False","05/04/2020 00:00:00","21/05/2019 14:17:17"
"SAFEHANDS RECRUITMENT LTD","Cps House,
7-9 Ambrose Street,
Cheltenham,
Glos,
England,
GL50 3QR","08344417","78200","-4.00","0.00","","","0.00","5.00","22.00","78.00","26.00","74.00","28.00","72.00","26.00","74.00","https://www.safehandsrecruitment.co.uk/","Rebecca Lawrence (Financial Controller)","250 to 499","SAFEHANDS RECRUITMENT LTD","False","05/04/2020 00:00:00","16/07/2019 13:28:58"
"Safran Landing Systems Services UK Ltd","Meteor Business Park,
Cheltenham Road East,
Gloucester,
Gloucestershire,
United Kingdom,
GL2 9QL","03528628","33160","1.60","1.70","12.70","0.00","92.10","96.20","83.30","16.70","90.90","9.10","93.90","6.10","92.50","7.50","","Zoe Townsend (HR Service Delivery Specialist)","250 to 499","Safran Landing Systems Services UK Ltd","False","05/04/2020 00:00:00","15/05/2019 12:15:53"
"SCOTTISH AND SOUTHERN ENERGY POWER DISTRIBUTION LIMITED","Inveralmond House, 200 Dunkeld Road,
Perth,
PH1 3AQ","SC213459","35130","15.80","27.40","60.60","41.70","6.40","12.50","91.30","8.70","98.10","1.90","97.50","2.50","98.10","1.90","https://sse.com/media/623847/SSE-Sustainability-report-2019-FINAL-spreads.pdf","Alistair Phillips-Davies (CEO)","500 to 999","SCOTTISH AND SOUTHERN ENERGY POWER DISTRIBUTION LIMITED","False","05/04/2020 00:00:00","26/07/2019 10:45:02"
"SCOTTISH HYDRO ELECTRIC POWER DISTRIBUTION PLC","Inveralmond House,
200 Dunkeld Road,
Perth,
United Kingdom,
PH1 3AQ","SC213460","35130","18.20","20.70","45.00","24.70","20.50","12.70","61.90","38.10","78.10","21.90","85.00","15.00","88.10","11.90","https://ssemedia.blob.core.windows.net/production/do4kiczh/sse-sustainability-report-2019.pdf","Alistair Phillips-Davies (CEO)","1000 to 4999","SCOTTISH HYDRO ELECTRIC POWER DISTRIBUTION PLC","False","05/04/2020 00:00:00","03/07/2019 11:46:42"
"SCOTTISH HYDRO ELECTRIC TRANSMISSION PLC","Inveralmond House,
200 Dunkeld Road,
Perth,
United Kingdom,
PH1 3AQ","SC213461","35120","26.60","32.40","48.80","26.00","39.90","37.30","59.30","40.70","85.90","14.10","92.90","7.10","92.90","7.10","https://ssemedia.blob.core.windows.net/production/do4kiczh/sse-sustainability-report-2019.pdf","Alistair Phillips-Davies (CEO)","250 to 499","SCOTTISH HYDRO ELECTRIC TRANSMISSION PLC","False","05/04/2020 00:00:00","03/07/2019 11:51:06"
"SCOUT ASSOCIATION(THE)","Gilwell Park,
Chingford,
London,
E4 7QW","RC000547","","0.80","-6.00","","","0.00","0.00","43.70","56.30","41.90","58.10","39.50","60.50","40.70","59.30","","Nicky Stanley-Dower (Senior Recruitment Adviser)","250 to 499","SCOUT ASSOCIATION(THE)","False","05/04/2020 00:00:00","01/08/2019 12:30:01"
"SCRIVENS LIMITED","SCRIVENS HOUSE,
60 Islington Row Middleway,
Edgbaston,
Birmingham,
United Kingdom,
B15 1PH","00377588","47741,
47782","25.30","30.00","58.30","6.20","56.20","59.00","40.00","60.00","25.00","75.00","14.00","86.00","15.00","85.00","https://scrivens.com/gender-pay-gap/","Nicholas Georgevic (Chief Executive)","1000 to 4999","SCRIVENS LIMITED","False","05/04/2020 00:00:00","02/07/2019 10:25:09"
"SDBE MULTI-ACADEMY TRUST","48, Union Street,
London,
United Kingdom,
SE1 1TD","10385920","85200,
85310","24.60","31.50","","","0.00","0.00","6.70","93.30","4.20","95.80","21.80","78.20","29.40","70.60","https://www.sdbemat.org/","Thomas Scrace (HR Business Partner)","250 to 499","SDBE MULTI-ACADEMY TRUST","False","05/04/2020 00:00:00","30/07/2019 14:40:59"
"SEALED AIR LIMITED","Clifton House 1 Marston Road,
St Neots,
Huntingdon,
Cambridgeshire,
United Kingdom,
PE19 2HN","03443946","22220","13.80","31.20","53.00","51.70","44.40","78.50","71.30","28.70","69.50","30.50","89.50","10.50","85.30","14.70","https://sealedair.com/ethics-compliance","Karen Kalirai (Global Business Services-EMEA)","250 to 499","SEALED AIR LIMITED","False","05/04/2020 00:00:00","22/07/2019 14:08:30"
"SEAX Trust","Thriftwood College,
Fox Crescent,
Chelmsford,
CM1 2BN","07747149","1,
85590","1.90","5.30","","","0.00","0.00","10.60","89.40","12.30","87.70","28.70","71.30","24.40","75.60","http://www.seaxtrust.com/about/our-constitutional-documents","","250 to 499","SEAX Trust","False","31/03/2020 00:00:00","15/07/2019 16:15:59"
"SEFTON NEW DIRECTIONS LIMITED","3RD FLOOR,
The Investment Centre,
375 Stanley Road,
Bootle,
Merseyside,
United Kingdom,
L20 3EF","06052757","88100","6.50","7.60","","","0.00","0.00","4.50","95.50","5.40","94.60","17.10","82.90","17.90","82.10","","Elaine Davies (Head of HR)","250 to 499","SEFTON NEW DIRECTIONS LIMITED","False","05/04/2020 00:00:00","28/05/2019 10:07:54"
"SERVICENOW UK LIMITED","1 Bridge Street,
Staines-Upon-Thames,
England,
TW18 4TP","06299383","62090","11.30","27.60","42.30","52.00","91.70","86.60","66.00","34.00","81.60","18.40","85.10","14.90","83.10","16.90","https://www.servicenow.com/company/media/press-room/servicenow-uk-gender-pay-gap-statement.html","Fay Sien Goon (Chief Accounting Officer)","500 to 999","SERVICENOW UK LIMITED","False","05/04/2020 00:00:00","12/04/2019 17:03:46"
"SHARE Multi Academy Trust","Shelley College Huddersfield Road,
Shelley,
Huddersfield,
United Kingdom,
HD8 8NL","07729878","1,
85310","20.90","38.10","","","0.00","0.00","11.30","88.70","23.30","76.70","24.50","75.50","33.90","66.10","","","500 to 999","SHARE Multi Academy Trust","False","31/03/2020 00:00:00","06/06/2019 13:04:37"
"Shearman & Sterling LLP","9 Appold Street,
London,
EC2A 2AP","","69102","37.00","52.00","63.00","68.00","54.00","69.00","10.00","90.00","30.00","70.00","42.00","58.00","60.00","40.00","https://www.shearman.com/community/diversity-and-inclusion","Lois Gordon (HR Director, Europe & Middle East)","Less than 250","Shearman & Sterling LLP","False","05/04/2020 00:00:00","11/04/2019 16:08:11"
"Sills & Betteridge LLP","46 Silver Street,
Lincoln,
Lincolnshire,
United Kingdom,
LN2 1ED","OC339586","","37.70","42.70","98.60","95.40","5.10","1.30","5.00","95.00","9.00","91.00","11.00","89.00","32.00","68.00","https://www.sillslegal.co.uk/wp-content/uploads/2019/06/gender-pay-report-2019.pdf","Martyn Hall (Chief Executive)","250 to 499","Sills & Betteridge LLP","False","05/04/2020 00:00:00","05/06/2019 10:55:11"
"Sirona Care & Health C.I.C.","2nd Floor, Kingswood Civic Centre High Street,
Kingswood,
Bristol,
England,
BS15 9TR","07585003","86900,
87300,
88990","10.50","0.60","","","0.00","9.00","9.70","90.30","8.80","91.20","6.40","93.60","13.80","86.20","https://www.sirona-cic.org.uk/policies/","Sarah Margetts (Director of HR&OD)","1000 to 4999","Sirona Care & Health C.I.C.","False","05/04/2020 00:00:00","06/08/2019 16:12:50"
"Solent Nhs Trust","Western Community Hospital,
William Macleod Way,
Southampton,
Hampshire,
United Kingdom,
SO16 4XE","","1,
86210","15.40","0.50","42.90","53.30","0.40","2.40","11.90","88.10","14.90","85.10","9.10","90.90","17.70","82.30","","","1000 to 4999","Solent Nhs Trust","False","31/03/2020 00:00:00","01/04/2019 08:29:16"
"SOLOR CARE GROUP LIMITED","Voyage Care Wall Island,
Birmingham Road,
Lichfield,
Staffordshire,
United Kingdom,
WS14 0QP","04299004","87300","-3.40","-0.60","-67.40","-450.00","1.50","1.70","29.70","70.30","40.50","59.50","30.20","69.80","35.30","64.70","http://www.voyagecare.com/about-voyage-care/legal-information","Laura Jordan (Legal Director & Company Secretary)","500 to 999","SOLOR CARE GROUP LIMITED","False","05/04/2020 00:00:00","18/06/2019 13:59:50"
"South Cambridgeshire District Council","South Cambridgeshire Hall,
Cambourne Business Park,
Cambourne,
Cambridge,
Cambridgeshire,
United Kingdom,
CB23 6EA","","1,
84110","-6.60","-19.40","","","0.00","0.00","75.00","25.00","43.80","56.20","38.70","61.30","43.80","56.20","https://www.scambs.gov.uk","","500 to 999","South Cambridgeshire District Council","False","31/03/2020 00:00:00","04/07/2019 13:10:13"
"SOUTHERN ELECTRIC POWER DISTRIBUTION PLC","No.1 Forbury Place,
43 Forbury Road,
Reading,
United Kingdom,
RG1 3JH","04094290","35130","20.70","22.10","24.50","5.10","10.80","4.60","57.40","42.60","82.40","17.60","86.60","13.40","92.10","7.90","https://ssemedia.blob.core.windows.net/production/do4kiczh/sse-sustainability-report-2019.pdf","Alistair Phillips-Davies (CEO)","1000 to 4999","SOUTHERN ELECTRIC POWER DISTRIBUTION PLC","False","05/04/2020 00:00:00","03/07/2019 11:53:20"
"SSE CONTRACTING LIMITED","No.1 Forbury Place,
43 Forbury Road,
Reading,
United Kingdom,
RG1 3JH","02317133","43210","20.30","21.60","-5.90","-14.00","33.00","8.20","75.00","25.00","87.20","12.80","95.10","4.90","94.60","5.40","https://ssemedia.blob.core.windows.net/production/do4kiczh/sse-sustainability-report-2019.pdf","Alistair Phillips-Davies (CEO)","1000 to 4999","SSE CONTRACTING LIMITED","False","05/04/2020 00:00:00","03/07/2019 11:57:07"
"SSE ELECTRICITY LIMITED","No.1 Forbury Place, 43 Forbury Road,
Reading,
United Kingdom,
RG1 3JH","04094263","35130","14.90","2.70","59.40","75.10","15.20","11.10","41.40","58.60","42.10","57.90","35.70","64.30","54.00","46.00","https://ssemedia.blob.core.windows.net/production/do4kiczh/sse-sustainability-report-2019.pdf","Alistair Phillips-Davies (CEO)","5000 to 19,999","SSE ELECTRICITY LIMITED","False","05/04/2020 00:00:00","03/07/2019 11:59:57"
"SSE ENERGY SUPPLY LIMITED","No.1 Forbury Place,
43 Forbury Road,
Reading,
United Kingdom,
RG1 3JH","03757502","82990","32.10","8.90","86.20","28.90","36.60","15.90","54.60","45.40","45.40","54.60","46.40","53.60","72.20","27.80","https://ssemedia.blob.core.windows.net/production/do4kiczh/sse-sustainability-report-2019.pdf","Alistair Phillips-Davies (CEO)","500 to 999","SSE ENERGY SUPPLY LIMITED","False","05/04/2020 00:00:00","03/07/2019 12:02:03"
"SSE GENERATION LIMITED","No.1 Forbury Place,
43 Forbury Road,
Reading,
United Kingdom,
RG1 3JH","02310571","35110","22.40","29.60","35.20","24.10","83.20","74.30","73.40","26.60","85.20","14.80","94.10","5.90","94.80","5.20","https://ssemedia.blob.core.windows.net/production/do4kiczh/sse-sustainability-report-2019.pdf","Alistair Phillips-Davies (CEO)","1000 to 4999","SSE GENERATION LIMITED","False","05/04/2020 00:00:00","03/07/2019 12:03:49"
"SSE HOME SERVICES LIMITED","Inveralmond House,
200 Dunkeld Road,
Perth,
Perthshire,
United Kingdom,
PH1 3AQ","SC292102","43210","19.10","22.40","-26.10","-49.50","81.00","2.20","42.20","57.80","94.90","5.10","99.10","0.90","88.70","11.30","https://ssemedia.blob.core.windows.net/production/do4kiczh/sse-sustainability-report-2019.pdf","Alistair Phillips-Davies (CEO)","250 to 499","SSE HOME SERVICES LIMITED","False","05/04/2020 00:00:00","03/07/2019 12:06:51"
"SSE METERING LIMITED","Inveralmond House,
200 Dunkeld Road,
Perth,
United Kingdom,
PH1 3AQ","SC318950","82990","3.60","11.80","1.80","-6.70","24.50","11.00","77.80","22.20","85.60","14.40","94.20","5.80","86.30","13.70","https://ssemedia.blob.core.windows.net/production/do4kiczh/sse-sustainability-report-2019.pdf","Alistair Phillips-Davies (CEO)","1000 to 4999","SSE METERING LIMITED","False","05/04/2020 00:00:00","03/07/2019 12:08:52"
"SSE PLC","Inveralmond House,
200 Dunkeld Road,
Perth,
Perthshire,
United Kingdom,
PH1 3AQ","SC117119","70100","21.40","21.00","33.80","9.30","30.60","15.70","53.70","46.30","64.30","35.70","78.90","21.10","82.80","17.20","https://ssemedia.blob.core.windows.net/production/do4kiczh/sse-sustainability-report-2019.pdf","Alistair Phillips-Davies (CEO)","5000 to 19,999","SSE PLC","False","05/04/2020 00:00:00","03/07/2019 12:10:32"
"SSE RENEWABLES LIMITED","Inveralmond House, 200 Dunkeld Road,
Perth,
PH1 3AQ","SC435847","64202","31.50","37.60","46.80","53.40","72.30","53.50","56.30","43.70","60.00","40.00","61.40","38.60","93.70","6.30","https://ssemedia.blob.core.windows.net/production/do4kiczh/sse-sustainability-report-2019.pdf","Alistair Phillips-Davies (CEO)","250 to 499","SSE RENEWABLES LIMITED","False","05/04/2020 00:00:00","03/07/2019 12:12:11"
"SSE SERVICES PLC","No.1 Forbury Place,
43 Forbury Road,
Reading,
United Kingdom,
RG1 3JH","02366879","82990","22.70","23.50","51.20","26.50","28.00","24.00","47.50","52.50","49.20","50.80","55.10","44.90","76.10","23.90","https://ssemedia.blob.core.windows.net/production/do4kiczh/sse-sustainability-report-2019.pdf","Alistair Phillips-Davies (CEO)","1000 to 4999","SSE SERVICES PLC","False","05/04/2020 00:00:00","03/07/2019 12:14:16"
"SSE TELECOMMUNICATIONS LIMITED","Inveralmond House, 200 Dunkeld Road,
Perth,
PH1 3AQ","SC213457","61900","23.60","31.70","65.10","26.50","40.60","29.30","54.50","45.50","80.20","19.80","85.00","15.00","90.10","9.90","https://ssemedia.blob.core.windows.net/production/do4kiczh/sse-sustainability-report-2019.pdf","Alistair Phillips-Davies (CEO)","250 to 499","SSE TELECOMMUNICATIONS LIMITED","False","05/04/2020 00:00:00","03/07/2019 12:15:45"
"St Bartholomew's School","Andover Road,
Newbury,
RG14 6JP","","1,
85310","13.80","30.80","","","0.00","0.00","17.00","83.00","32.00","68.00","39.00","61.00","38.00","62.00","https://www.stbarts.co.uk/","","250 to 499","St Bartholomew's School","False","31/03/2020 00:00:00","03/05/2019 10:10:21"
"ST CUTHBERT'S CARE","St Cuthbert's House, West Road,
Newcastle Upon Tyne,
England,
NE15 7PY","01645917","87100,
87200,
87900,
88990","4.50","13.00","","","0.00","0.00","13.00","87.00","12.00","88.00","14.00","86.00","19.00","81.00","https://www.stcuthbertscare.org.uk/download/stCuthbertsCare/GenderPayGapReport2019.pdf","Geraldine Martin (Director of Human Resources)","250 to 499","ST CUTHBERT'S CARE","False","05/04/2020 00:00:00","16/07/2019 13:30:06"
"STANGE & CO. LIMITED","19 Trinity Square,
Llandudno,
North Wales,
LL30 2RD","00639690","55100,
56302","11.10","0.00","81.50","21.00","25.20","13.80","35.90","64.10","44.90","55.10","57.70","42.30","76.90","23.10","","Claire Barrett (HR Manager)","250 to 499","STANGE & CO. LIMITED","False","05/04/2020 00:00:00","31/07/2019 10:25:23"
"Stour Vale Academy Trust","c/o Redhill School,
Junction Road,
Stourbridge,
DY8 1JX","07865663","1","21.50","36.60","","","0.00","0.00","10.10","89.90","21.90","78.10","27.70","72.30","32.80","67.20","https://www.svat.org.uk/","","250 to 499","Stour Vale Academy Trust","False","31/03/2020 00:00:00","25/07/2019 10:01:17"
"Style Acre","1 London Street,
Reading,
England,
RG1 4PN","04906985","88990","9.10","0.00","","","0.00","0.00","22.10","77.90","14.30","85.70","13.00","87.00","17.70","82.30","","Chris Ingram (Chief Executive)","250 to 499","Style Acre","False","05/04/2020 00:00:00","30/04/2019 11:26:40"
"Surrey Heath Borough Council","Surrey Heath House,
Knoll Road, Surrey,
Camberley,
Surrey,
United Kingdom,
GU15 3HD","","1,
84110","6.10","10.30","","","0.00","0.00","37.50","62.50","30.60","69.40","33.80","66.20","44.40","55.60","","","250 to 499","Surrey Heath Borough Council","False","31/03/2020 00:00:00","07/05/2019 07:43:45"
"Synaptic Trust","West Thornton Primary Academy,
Rosecourt Road,
Croydon,
Surrey,
United Kingdom,
CR0 3BS","07588104","1,
85200","23.80","25.10","","","0.00","0.00","3.60","96.40","8.80","91.20","15.80","84.20","14.30","85.70","http://thesynaptictrust.org/","","Less than 250","Synaptic Trust","False","31/03/2020 00:00:00","07/05/2019 16:53:05"
"T. CLASS SECURITY LIMITED","6 Skylines Village,
Limeharbour,
London,
E14 9TS","03622392","80100","100.00","100.00","100.00","100.00","100.00","100.00","50.00","50.00","50.00","50.00","50.00","50.00","50.00","50.00","https://t-class.co.uk/","Demi Larner (Vetting Officer)","250 to 499","T. CLASS SECURITY LIMITED","False","05/04/2020 00:00:00","08/05/2019 11:13:03"
"TASKMASTER RESOURCES LIMITED","8 Leodis Court,
David Street Leeds,
United Kingdom,
LS11 5JJ","03289148","78109","8.40","9.10","26.00","11.20","78.00","76.00","26.00","74.00","31.00","69.00","39.00","61.00","36.00","64.00","","Andrew Skorupka (Director)","250 to 499","TASKMASTER RESOURCES LIMITED","False","05/04/2020 00:00:00","31/05/2019 00:59:14"
"TAUNTON SCHOOL EDUCATIONAL CHARITY","Taunton School, Staplegrove Road,
Taunton,
Somerset,
TA2 6AD","04005803","85100,
85200,
85310","12.40","12.90","-2.00","-2.00","1.00","1.00","29.70","70.30","31.90","68.10","41.60","58.40","40.60","59.40","","Johanne Davey (HR Director)","500 to 999","TAUNTON SCHOOL EDUCATIONAL CHARITY","False","05/04/2020 00:00:00","04/06/2019 14:45:44"
"TBAP Trust","The Bridge Ap Academy,
Finlay Street,
London,
United Kingdom,
SW6 6HB","08425513","1,
85590","11.20","6.60","81.00","0.00","38.00","44.10","26.00","74.00","41.00","59.00","41.00","59.00","37.00","63.00","","","250 to 499","TBAP Trust","False","31/03/2020 00:00:00","03/04/2019 16:22:51"
"TESGL LIMITED","Ocean Court Caspian Road,
Atlantic Street,
Altrincham,
Cheshire,
United Kingdom,
WA14 5HH","08462158","43390","36.70","42.10","39.10","53.40","43.10","24.50","39.10","60.90","92.10","7.90","95.20","4.80","93.70","6.30","https://ssemedia.blob.core.windows.net/production/do4kiczh/sse-sustainability-report-2019.pdf","Alistair Phillips-Davies (CEO)","250 to 499","TESGL LIMITED","False","05/04/2020 00:00:00","03/07/2019 12:17:25"
"THAMES REACH CHARITY","Employment Academy 29 Peckham Road, Camberwell,
London,
SE5 8UA","10098652","88990","-1.90","-5.50","","","0.00","0.00","52.90","47.10","47.10","52.90","38.80","61.20","43.50","56.50","","Paul Jackson (Director of Finance and Central Services)","250 to 499","THAMES REACH CHARITY","False","05/04/2020 00:00:00","06/06/2019 16:03:56"
"THAMES WATER UTILITIES LIMITED","Clearwater Court,
Vastern Road,
Reading,
Berkshire,
United Kingdom,
RG1 8DB","02366661","36000","10.40","12.20","40.80","0.00","32.00","34.20","57.20","42.80","66.10","33.90","73.00","27.00","72.60","27.40","","Janet Burr (HR Director)","5000 to 19,999","THAMES WATER UTILITIES LIMITED","False","05/04/2020 00:00:00","28/06/2019 11:41:22"
"The British Museum","Great Russell Street,
London,
WC1B 3DG","","1,
84110","1.00","-8.00","50.00","3.00","62.00","38.00","55.00","45.00","42.00","58.00","32.00","68.00","45.00","55.00","https://www.britishmuseum.org/pdf/BM_Diversity%20summary_March_2019.pdf","","500 to 999","The British Museum","False","31/03/2020 00:00:00","23/05/2019 11:26:14"
"THE CAKE CREW  LIMITED","Units 11-, 12 Enterprise Park,
Bala,
Gwynedd,
LL23 7NL","07738348","10720","7.00","3.00","7.00","-5.00","22.00","5.00","45.00","55.00","45.00","55.00","60.00","40.00","58.00","42.00","","Terri Roberts (HR Manager)","250 to 499","THE CAKE CREW  LIMITED","False","05/04/2020 00:00:00","17/04/2019 13:40:18"
"THE CELTIC MANOR RESORT LIMITED","Coldra Woods,
Newport,
Gwent,
United Kingdom,
NP18 1HQ","08428620","55100","14.10","7.30","67.00","0.00","31.00","26.00","42.90","57.10","41.70","58.30","48.00","52.00","65.30","34.70","","Dylan Matthews (COO)","1000 to 4999","THE CELTIC MANOR RESORT LIMITED","False","05/04/2020 00:00:00","18/07/2019 15:39:31"
"The Financial Conduct Authority","12 Endeavour Square,
London,
England,
E20 1JN","01920623","1,
80300,
84110,
84130","17.80","20.60","20.50","23.50","71.00","76.00","35.00","65.00","43.00","57.00","57.00","43.00","61.00","39.00","https://www.fca.org.uk/about/corporate-responsibility/diversity-inclusion/our-gender-pay-gap","","1000 to 4999","The Financial Conduct Authority","False","31/03/2020 00:00:00","30/07/2019 14:46:29"
"THE NHS CONFEDERATION","15th, Floor Portland House,
Bressenden Place,
London,
England,
SW1E 5BH","04358614","94110","19.40","7.40","1.80","0.00","8.00","17.00","30.00","70.00","25.00","75.00","32.00","68.00","38.00","62.00","","Marie Pritchard (Assistant Director, HR & OD)","Less than 250","THE NHS CONFEDERATION","False","05/04/2020 00:00:00","14/06/2019 16:46:48"
"The Office for Nuclear Regulation","Redgrave Court,
Merton Road,
Liverpool,
L20 7HS","","1,
84110","27.00","41.10","-9.50","0.00","25.40","28.60","35.20","64.80","65.00","35.00","79.90","20.10","83.00","17.00","http://news.onr.org.uk/2019/07/onr-publishes-third-gender-pay-report/","","500 to 999","The Office for Nuclear Regulation","False","31/03/2020 00:00:00","19/07/2019 10:03:44"
"THE RANDOM HOUSE GROUP LIMITED","20 Vauxhall Bridge Road,
London,
United Kingdom,
SW1V 2SA","00954009","58110","7.50","-2.00","33.50","4.20","89.20","85.90","54.10","45.90","29.70","70.30","32.90","67.10","47.80","52.20","https://www.penguin.co.uk/company/about-us/notices/gender-pay-gap-reports.html","Val Garside (HR Director)","1000 to 4999","THE RANDOM HOUSE GROUP LIMITED","False","05/04/2020 00:00:00","25/07/2019 12:06:31"
"The Symphony Group PLC","Pen Hill Estate,
Park Spring Road,
Barnsley,
South Yorkshire,
United Kingdom,
S72 7EZ","01022506","31020","17.60","17.70","-2.20","-44.90","35.20","39.60","51.70","48.30","72.80","27.20","87.90","12.10","77.50","22.50","","Richard Bunton (Managing Director)","1000 to 4999","The Symphony Group PLC","False","05/04/2020 00:00:00","01/07/2019 14:48:31"
"The Two Counties Trust","Ashfield School,
Sutton Road,
Kirby In Ashfield,
Nottinghamshire,
United Kingdom,
NG17 8HP","07972029","1,
85310","16.00","24.40","","","0.00","0.00","19.00","81.00","34.00","66.00","30.00","70.00","45.00","55.00","","","1000 to 4999","The Two Counties Trust","False","31/03/2020 00:00:00","12/08/2019 15:18:14"
"THE WESTBURY HOTEL LIMITED","Flat 1,
1-2 Coach And Horses Yard,
London,
United Kingdom,
W1S 2EH","04284249","55100","8.60","10.40","","","0.00","0.00","40.00","60.00","54.00","46.00","57.00","43.00","67.00","33.00","","Liliana Gutierrez (Director of Human Resources)","250 to 499","THE WESTBURY HOTEL LIMITED","False","05/04/2020 00:00:00","29/07/2019 10:10:08"
"The White Horse Care Trust","Delta 603 Delta Business Park,
Welton Road,
Swindon,
Wiltshire,
England,
SN5 7XF","02513929","87100,
87200","3.10","3.20","","","0.00","0.00","10.50","89.50","19.00","81.00","19.00","81.00","10.50","89.50","","Yvonne Davis (HR Manager)","250 to 499","The White Horse Care Trust","False","05/04/2020 00:00:00","22/05/2019 17:53:42"
"TOLENT CONSTRUCTION LIMITED","Ravensworth House,
Fifth Avenue Business Park Team,
Valley Gateshead,
Tyne & Wear,
United Kingdom,
NE11 0HF","02450574","41201","33.00","34.00","62.00","33.00","16.00","10.00","76.00","24.00","85.00","15.00","94.00","6.00","95.00","5.00","","Andrew Clark (Finance Director)","250 to 499","TOLENT CONSTRUCTION LIMITED","False","05/04/2020 00:00:00","09/07/2019 12:06:46"
"TOMASZDYL PR LTD","11 College Place,
Southampton,
SO15 2FE","07915403","73110,
78109","0.00","0.00","0.00","0.00","50.00","50.00","50.00","50.00","50.00","50.00","50.00","50.00","100.00","0.00","","John Stoffel (Operations Manager)","Less than 250","TOMASZDYL PR LTD","False","05/04/2020 00:00:00","06/04/2019 13:52:32"
"Torfaen County Borough Council","Civic Centre,
Pontypool,
Torfaen,
NP4 6YB","","1","5.10","6.90","","","0.00","0.00","38.40","61.60","30.40","69.60","34.20","65.80","41.10","58.90","","","1000 to 4999","Torfaen County Borough Council","False","31/03/2020 00:00:00","08/04/2019 11:33:23"
"TOWER HAMLETS HOMES LIMITED","Boatmans House,
2 Selsdon Way,
London,
England,
E14 9GL","06249790","68320","-9.00","-14.30","","","0.00","0.00","87.70","12.30","50.40","49.60","54.50","45.50","65.30","34.70","http://www.towerhamletshomes.org.uk/About_us/Equality/Gender_Pay_Gap_Report.aspx","Stephen Phillpott (Head of People Services)","250 to 499","TOWER HAMLETS HOMES LIMITED","False","05/04/2020 00:00:00","13/06/2019 08:32:05"
"Trades Union Congress","Congress House,
Great Russell Street,
London,
WC1B 3LS","","94200","1.70","0.00","","","0.00","0.00","53.00","47.00","41.00","59.00","43.00","57.00","56.00","44.00","https://www.tuc.org.uk/tucgenderpaygap","Frances O'Grady (General Secretary)","Less than 250","Trades Union Congress","False","05/04/2020 00:00:00","11/07/2019 11:03:10"
"UK-NSI CO. LIMITED","Merse Road North Moons Moat,
Redditch,
Worcestershire,
United Kingdom,
B98 9HL","02141243","29320","25.00","20.50","","","0.00","0.00","43.00","57.00","53.00","47.00","77.00","23.00","86.00","14.00","https://www.uk-nsi.co.uk/","Peter Cunningham (Head of Human Resources and Compliance)","250 to 499","UK-NSI CO. LIMITED","False","05/04/2020 00:00:00","10/04/2019 08:43:42"
"UNION OF UEA STUDENTS LIMITED","Union House,
University Of East Anglia,
Norwich,
Norfolk,
United Kingdom,
NR4 7TJ","09664303","94990","3.60","0.00","","","0.00","0.00","36.60","63.40","40.50","59.50","85.70","14.30","59.60","40.40","","Amelia Smith (Payroll Administrator)","500 to 999","UNION OF UEA STUDENTS LIMITED","False","05/04/2020 00:00:00","04/07/2019 12:22:49"
"University Hospitals Of Morecambe Bay Nhs Foundation Trust","Westmorland General Hospital,
Burton Road,
Kendal,
LA9 7RG","","1,
86210","29.40","9.80","41.00","33.30","5.10","0.40","15.50","84.50","16.70","83.30","13.80","86.20","28.70","71.30","https://www.uhmb.nhs.uk/files/5115/6412/7732/Appendix_C_Gender_Pay_Gap_Report_2019.pdf","","5000 to 19,999","University Hospitals Of Morecambe Bay Nhs Foundation Trust","False","31/03/2020 00:00:00","26/07/2019 13:12:17"
"UNIVERSITY OF BIRMINGHAM GUILD OF STUDENTS","Edgbaston Park Road,,
Birmingham,
B15 2TU","06638759","85600","3.20","0.00","","","0.00","0.00","30.80","69.20","30.80","69.20","29.80","70.20","38.50","61.50","","Lisa Clark (HR Manager)","250 to 499","UNIVERSITY OF BIRMINGHAM GUILD OF STUDENTS","False","05/04/2020 00:00:00","04/07/2019 15:49:41"
"Vale of Glamorgan Council","Civic Offices,
Holton Road,
Barry,
CF63 4RU","","1,
84110","6.20","13.90","","","0.00","0.00","26.00","74.00","28.00","72.00","33.00","67.00","35.00","65.00","","","1000 to 4999","Vale of Glamorgan Council","False","31/03/2020 00:00:00","12/07/2019 10:15:48"
"Vision Academy Learning Trust","c/o Egglescliffe School,
Urlay nook road,
Eaglescliffe,
TS16 0LA","","1","22.20","39.10","","","0.00","0.00","7.90","92.10","19.30","80.70","24.70","75.30","31.80","68.20","https://valt.org.uk","","250 to 499","Vision Academy Learning Trust","False","31/03/2020 00:00:00","11/07/2019 07:02:35"
"Vivacity Culture And Leisure","Peterborough Central Library,
Broadway,
Peterborough,
United Kingdom,
PE1 1RX","07171668","90040,
91011,
91030,
93110","-2.30","-4.10","-77.60","-98.00","20.10","25.60","55.50","44.50","52.70","47.30","32.60","67.40","41.10","58.90","","Peter Appleton (CEO)","500 to 999","Vivacity Culture And Leisure","False","05/04/2020 00:00:00","25/04/2019 16:43:44"
"Voiceability Advocacy","The Old Granary - Unit 1 Westwick,
Oakington,
Cambridge,
United Kingdom,
CB24 3AR","03798884","88990","2.00","1.00","","","0.00","0.00","37.00","63.00","24.00","76.00","21.00","79.00","37.00","63.00","https://www.voiceability.org/about-us/how-we-work/gender-paygap-report","Sam Breckell (HR Director)","250 to 499","Voiceability Advocacy","False","05/04/2020 00:00:00","29/04/2019 09:59:36"
"VOYAGE 1 LIMITED","Voyage Care Wall Island, Birmingham Road,
Lichfield,
Staffordshire,
WS14 0QP","02215899","87200,
88100","7.50","2.40","6.10","1.00","6.20","4.70","20.60","79.40","21.30","78.70","22.50","77.50","29.90","70.10","http://www.voyagecare.com/about-voyage-care/legal-information","Laura Jordan (Legal Director & Company Secretary)","1000 to 4999","VOYAGE 1 LIMITED","False","05/04/2020 00:00:00","18/06/2019 14:00:25"
"Voyage 2 Unlimited","Voyage Care Wall Island,
Birmingham Road,
Lichfield,
Staffordshire,
United Kingdom,
WS14 0QP","02689231","96090","5.20","5.80","68.70","85.10","3.40","1.90","10.80","89.20","14.00","86.00","19.40","80.60","19.40","80.60","http://www.voyagecare.com/about-voyage-care/legal-information","Laura Jordan (Legal Director & Company Secretary)","250 to 499","Voyage 2 Unlimited","False","05/04/2020 00:00:00","18/06/2019 14:00:43"
"VOYAGE LIMITED","Voyage Care Wall Island,
Birmingham Road,
Lichfield,
Staffordshire,
United Kingdom,
WS14 0QP","03157168","96090","-0.90","0.10","-5.00","-10.60","2.30","2.40","22.70","77.30","24.40","75.60","25.00","75.00","23.00","77.00","http://www.voyagecare.com/about-voyage-care/legal-information","Laura Jordan (Legal Director & Company Secretary)","1000 to 4999","VOYAGE LIMITED","False","05/04/2020 00:00:00","18/06/2019 14:01:53"
"WELLS CATHEDRAL SCHOOL, LIMITED","The Bursary, Wells Cathedral School,
College Road,
Wells,
Somerset,
United Kingdom,
BA5 2SX","00564883","85100,
85200,
85310,
85520","17.80","30.00","","","0.00","0.00","16.70","83.30","28.20","71.80","30.80","69.20","41.60","58.40","","georgina Hodkinson (HR Manager)","250 to 499","WELLS CATHEDRAL SCHOOL, LIMITED","False","05/04/2020 00:00:00","11/04/2019 14:43:08"
"YOUR HOMES NEWCASTLE LIMITED","Civic Centre,
Barras Bridge,
Newcastle Upon Tyne,
Tyne & Wear,
United Kingdom,
NE1 8PR","05076256","68201","-5.60","-17.10","","","0.00","0.00","61.80","38.20","43.50","56.50","32.40","67.60","47.00","53.00","","Christina Drury (YHN Managing Director)","500 to 999","YOUR HOMES NEWCASTLE LIMITED","False","05/04/2020 00:00:00","23/07/2019 10:41:53"
"ZEN INTERNET LIMITED","Sandbrook House Sandbrook Park,
Sandbrook Way,
Rochdale,
Lancashire,
United Kingdom,
OL11 1RY","03101568","61100","21.90","18.70","66.00","60.00","11.70","6.60","56.20","43.80","78.90","21.10","72.70","27.30","85.90","14.10","","Richard Tang (Founder & Chairman)","500 to 999","ZEN INTERNET LIMITED","False","05/04/2020 00:00:00","30/07/2019 11:18:45"
